id,se,sc,urank,crank,skillexp,totalexp,subsection,sorting_column,Rank
4,1,4.1,1.0,1.0,0.9,0.9,3,0.896,1
1,1,4.9,0.9,0.8,0.7,0.8,3,0.8240000000000001,2
2,1,2.1,0.7,0.9,0.5,0.95,2,0.581,3
7,1,3.75,0.78,0.82,0.2,0.8,2,0.545,4
3,0,4.3,0.7,0.7,0.1,0.3,2,0.46799999999999997,5
5,0,3.0,0.6,0.6,0.1,0.2,2,0.36,6
6,0,1.0,0.8,0.6,0.0,0.1,1,0.21000000000000002,7
